ID;name;district;area;latitude;longitude;vulnerable;isolationHours
PHC-01;Kendrapara Central;Kendrapara;Kendrapara;20.5;86.42;false;120
PHC-02;Pattamundai;Kendrapara;Pattamundai;20.58;86.56;false;96
PHC-03;Aul;Kendrapara;Aul;20.67;86.65;false;72
PHC-04;Rajnagar;Kendrapara;Rajnagar;20.48;86.73;true;58
PHC-05;Mahakalpara;Kendrapara;Mahakalpara;20.43;86.57;false;88
PHC-06;Derabish;Kendrapara;Derabish;20.48;86.35;false;110
PHC-07;Marshaghai;Kendrapara;Marshaghai;20.33;86.44;false;82
PHC-08;Garadpur;Kendrapara;Garadpur;20.57;86.46;false;104
PHC-09;Gopalpur;Kendrapara;Gopalpur;20.62;86.78;false;70
PHC-10;Jamboo;Kendrapara;Jamboo;20.35;86.69;false;64
PHC-11;Rajnagar North;Kendrapara;Rajnagar North;20.54;86.76;true;62
PHC-12;Kendrapara East;Kendrapara;Kendrapara East;20.52;86.68;false;78
PHC-13;Rajkanika;Kendrapara;Rajkanika;20.71;86.67;false;84
PHC-14;Kendrapara South;Kendrapara;Kendrapara South;20.39;86.52;false;90
PHC-15;Coastal Care;Kendrapara;Coastal Care;20.3;86.72;true;56