facility_ID;medicine_ID;onHand;dailyUse;safetyDays
PHC-01;MED-001;248;5;4
PHC-01;MED-002;309;8;4
PHC-01;MED-003;290;5;4
PHC-01;MED-004;131;3;4
PHC-01;MED-005;152;2;4
PHC-01;MED-006;243;6;4
PHC-01;MED-007;219;4;4
PHC-01;MED-008;210;4;4
PHC-02;MED-001;265;6;4
PHC-02;MED-002;271;7;4
PHC-02;MED-003;252;6;4
PHC-02;MED-004;148;2;4
PHC-02;MED-005;169;3;4
PHC-02;MED-006;260;5;4
PHC-02;MED-007;181;5;4
PHC-02;MED-008;172;3;4
PHC-03;MED-001;227;5;4
PHC-03;MED-002;288;8;4
PHC-03;MED-003;269;5;4
PHC-03;MED-004;165;3;4
PHC-03;MED-005;186;2;4
PHC-03;MED-006;222;6;4
PHC-03;MED-007;198;4;4
PHC-03;MED-008;189;4;4
PHC-04;MED-001;30;24;4
PHC-04;MED-002;40;20;4
PHC-04;MED-003;20;8;4
PHC-04;MED-004;1;1;4
PHC-04;MED-005;3;2;4
PHC-04;MED-006;50;10;4
PHC-04;MED-007;10;6;4
PHC-04;MED-008;8;5;4
PHC-05;MED-001;261;5;4
PHC-05;MED-002;322;8;4
PHC-05;MED-003;248;5;4
PHC-05;MED-004;144;3;4
PHC-05;MED-005;165;2;4
PHC-05;MED-006;256;6;4
PHC-05;MED-007;232;4;4
PHC-05;MED-008;168;4;4
PHC-06;MED-001;223;6;4
PHC-06;MED-002;284;7;4
PHC-06;MED-003;265;6;4
PHC-06;MED-004;161;2;4
PHC-06;MED-005;182;3;4
PHC-06;MED-006;218;5;4
PHC-06;MED-007;194;5;4
PHC-06;MED-008;185;3;4
PHC-07;MED-001;240;5;4
PHC-07;MED-002;301;8;4
PHC-07;MED-003;282;5;4
PHC-07;MED-004;178;3;4
PHC-07;MED-005;144;2;4
PHC-07;MED-006;235;6;4
PHC-07;MED-007;211;4;4
PHC-07;MED-008;202;4;4
PHC-08;MED-001;257;6;4
PHC-08;MED-002;318;7;4
PHC-08;MED-003;244;6;4
PHC-08;MED-004;140;2;4
PHC-08;MED-005;161;3;4
PHC-08;MED-006;252;5;4
PHC-08;MED-007;228;5;4
PHC-08;MED-008;164;3;4
PHC-09;MED-001;274;5;4
PHC-09;MED-002;280;8;4
PHC-09;MED-003;261;5;4
PHC-09;MED-004;157;3;4
PHC-09;MED-005;178;2;4
PHC-09;MED-006;269;6;4
PHC-09;MED-007;190;4;4
PHC-09;MED-008;181;4;4
PHC-10;MED-001;236;6;4
PHC-10;MED-002;297;7;4
PHC-10;MED-003;278;6;4
PHC-10;MED-004;174;2;4
PHC-10;MED-005;140;3;4
PHC-10;MED-006;231;5;4
PHC-10;MED-007;207;5;4
PHC-10;MED-008;198;3;4
PHC-11;MED-001;253;5;4
PHC-11;MED-002;314;8;4
PHC-11;MED-003;240;5;4
PHC-11;MED-004;136;3;4
PHC-11;MED-005;157;2;4
PHC-11;MED-006;248;6;4
PHC-11;MED-007;224;4;4
PHC-11;MED-008;160;4;4
PHC-12;MED-001;270;6;4
PHC-12;MED-002;276;7;4
PHC-12;MED-003;257;6;4
PHC-12;MED-004;153;2;4
PHC-12;MED-005;174;3;4
PHC-12;MED-006;265;5;4
PHC-12;MED-007;186;5;4
PHC-12;MED-008;177;3;4
PHC-13;MED-001;232;5;4
PHC-13;MED-002;293;8;4
PHC-13;MED-003;274;5;4
PHC-13;MED-004;170;3;4
PHC-13;MED-005;136;2;4
PHC-13;MED-006;227;6;4
PHC-13;MED-007;203;4;4
PHC-13;MED-008;194;4;4
PHC-14;MED-001;249;6;4
PHC-14;MED-002;310;7;4
PHC-14;MED-003;291;6;4
PHC-14;MED-004;132;2;4
PHC-14;MED-005;153;3;4
PHC-14;MED-006;244;5;4
PHC-14;MED-007;220;5;4
PHC-14;MED-008;211;3;4
PHC-15;MED-001;266;5;4
PHC-15;MED-002;272;8;4
PHC-15;MED-003;253;5;4
PHC-15;MED-004;149;3;4
PHC-15;MED-005;170;2;4
PHC-15;MED-006;261;6;4
PHC-15;MED-007;182;4;4
PHC-15;MED-008;173;4;4